{"cameraMode":{"drawMode":0,"name":"Shaded","section":"Shading Mode"},"sceneLighting":false,"audioPlay":false,"sceneViewState":{"showFog":true,"showMaterialUpdate":false,"showSkybox":false,"showFlares":true,"showImageEffects":true,"showParticleSystems":true},"in2DMode":false,"pivot":{"x":-3.4000000953674318,"y":0.9180077314376831,"z":370.0},"rotation":{"x":0.20927059650421143,"y":0.024932367727160455,"z":-0.005337564740329981,"w":0.9775274991989136},"size":1.1098341941833497,"orthographic":false}