{"cameraMode":{"drawMode":0,"name":"Shaded","section":"Shading Mode"},"sceneLighting":false,"audioPlay":false,"sceneViewState":{"showFog":true,"showMaterialUpdate":false,"showSkybox":false,"showFlares":true,"showImageEffects":true,"showParticleSystems":true},"in2DMode":false,"pivot":{"x":3.4000000953674318,"y":0.7498326301574707,"z":-240.0009002685547},"rotation":{"x":-0.2498181313276291,"y":-0.05428030714392662,"z":0.014028253965079785,"w":-0.9666737914085388},"size":0.9286527037620544,"orthographic":false}